Product Name,Current Factory,Alternative Factory,Orders,Avg_Distance_Saving_km,Total_Distance_Saving_km,Avg_Distance_Reduction_pct,Total_Sales,Total_Gross_Profit,Avg_Profit_Margin_pct,Avg_Confidence,Avg_Recommendation_Score
Fizzy Lifting Drinks,Sugar Shack,Lot's O' Nuts,1,1942.5524960487462,1942.5524960487462,95.13498275271306,11.25,6.75,60.0,0.9,83.56749137635653
Hair Toffee,The Other Factory,Lot's O' Nuts,2,1869.820434408993,3739.640868817986,82.37015646916345,45.0,35.0,77.77777777777779,0.9,82.51841156791505
Everlasting Gobstopper,Secret Factory,Wicked Choccy's,1,1239.5563385686792,1239.5563385686792,71.97310450734335,40.0,32.0,80.0,0.9,77.98655225367168
Wonka Bar -Scrumdiddlyumptious,Lot's O' Nuts,Wicked Choccy's,944,1914.0288503420504,2187734.9759409637,64.58189921679384,15570.0,10812.5,69.44444444444444,0.883902012248469,70.80232318669964
Wonka Bar - Nutty Crunch Surprise,Lot's O' Nuts,Wicked Choccy's,862,1843.0828902990447,1898375.377008016,63.52258469579785,13572.61,9683.61,71.34670487106017,0.8782524271844661,70.7303523529063
Wonka Bar - Fudge Mallows,Lot's O' Nuts,Wicked Choccy's,870,1880.0286565812414,1958989.8601576535,63.77752172100405,14014.800000000001,9343.2,66.66666666666666,0.8817658349328216,69.52407755915846
Wonka Bar - Nutty Crunch Surprise,Lot's O' Nuts,The Other Factory,1046,1582.801295853932,1959508.004267168,60.000187937336506,16190.11,11551.11,71.34670487106017,0.8814216478190631,69.03253838636756
Wonka Bar -Scrumdiddlyumptious,Lot's O' Nuts,The Other Factory,1144,1586.1177675370568,2207875.932411583,58.82093762994663,18990.0,13187.5,69.44444444444444,0.8801005747126438,67.84581364255952
Wonka Bar - Nutty Crunch Surprise,Lot's O' Nuts,Secret Factory,1048,1580.9110696572766,1960329.726375023,57.36365424956201,16218.03,11571.03,71.34670487106017,0.8640322580645162,67.36648374738937
Wonka Bar - Fudge Mallows,Lot's O' Nuts,The Other Factory,1046,1590.7127448031772,1986800.2182591683,59.11351146192934,16866.0,11244.0,66.66666666666666,0.8812650120096077,67.18205597115683
Wonka Bar -Scrumdiddlyumptious,Lot's O' Nuts,Secret Factory,1152,1570.1865799215273,2204541.9582098243,55.27584414919845,19130.4,13285.0,69.44444444444444,0.8604700854700854,65.68065711733426
Wonka Bar - Triple Dazzle Caramel,Wicked Choccy's,Lot's O' Nuts,747,1938.9687453887657,1731499.0896321677,58.07036815535402,12780.0,8349.6,65.33333333333334,0.8500559910414334,65.63630389850567
Wonka Bar - Fudge Mallows,Lot's O' Nuts,Secret Factory,1048,1595.3044139432789,1995725.8218430418,56.46431822675058,16902.0,11268.0,66.66666666666666,0.8630695443645084,65.49355000066545
Wonka Bar - Milk Chocolate,Wicked Choccy's,Lot's O' Nuts,753,1885.4230022204367,1696880.701998393,56.915787843301125,11661.0,7570.68,64.92307692307692,0.847,64.87481699857364
Lickable Wallpaper,Secret Factory,Lot's O' Nuts,32,1427.9453643594854,45694.251659503534,60.39164945898501,2740.0,1370.0,50.0,0.86875,62.5708247294925
Wonka Gum,Secret Factory,Lot's O' Nuts,28,1318.4129250309193,36915.56190086574,55.46076480736013,96.25,50.05,52.0,0.8678571428571429,60.687525260822916
Fizzy Lifting Drinks,Sugar Shack,Wicked Choccy's,3,1117.2839178075737,3351.8517534227212,50.9472084195615,48.75,29.25,60.0,0.8333333333333334,60.140270876447424
Wonka Bar - Nutty Crunch Surprise,Lot's O' Nuts,Sugar Shack,876,1226.6456365595693,1283071.3358413095,43.4721270757741,13802.95,9847.95,71.34670487106017,0.8063097514340344,59.26627002788578
Laffy Taffy,Sugar Shack,Wicked Choccy's,8,993.0976325761725,7944.78106060938,46.74894766171052,49.75,31.0,62.311557788944725,0.8250000000000001,58.56794116753868
Wonka Bar -Scrumdiddlyumptious,Lot's O' Nuts,Sugar Shack,970,1255.03688709787,1478433.4530012908,43.163684163625376,16027.2,11130.0,69.44444444444444,0.8037351443123939,58.489878301393894
Wonka Bar - Fudge Mallows,Lot's O' Nuts,Sugar Shack,894,1256.9956340242627,1337443.3546018156,43.4631487803945,14284.800000000001,9523.2,66.66666666666666,0.8052631578947369,57.836837548091985
Hair Toffee,The Other Factory,Wicked Choccy's,2,391.5155609510777,783.0311219021554,36.62684748621192,31.5,24.5,77.77777777777779,0.8,57.64675707643929
Everlasting Gobstopper,Secret Factory,The Other Factory,2,532.0530295118338,1064.1060590236675,35.17937333251017,70.0,56.0,80.0,0.8,57.58968666625508
Fun Dip,Sugar Shack,Secret Factory,3,736.3075063751061,2208.922519125318,54.88784280541237,12.0,4.8,40.0,0.8666666666666667,56.77725473603952
Everlasting Gobstopper,Secret Factory,Lot's O' Nuts,1,378.29059048097747,378.29059048097747,29.61175473187179,60.0,48.0,80.0,0.8,54.8058773659359
Wonka Bar - Milk Chocolate,Wicked Choccy's,Secret Factory,1104,807.1783349360711,1077583.077139655,36.656862729847376,16955.25,11007.869999999999,64.92307692307693,0.8014981273408239,53.835316988663244
Wonka Bar - Triple Dazzle Caramel,Wicked Choccy's,Secret Factory,1086,807.9408617301057,1045475.4750787568,36.03493175823994,18480.0,12073.6,65.33333333333333,0.8021638330757341,53.66074254063465
Wonka Bar - Triple Dazzle Caramel,Wicked Choccy's,Sugar Shack,789,1095.7167030228582,1021207.9672173037,35.61329368536398,13376.25,8739.15,65.33333333333334,0.8027896995708155,53.462440834098295
Wonka Bar - Milk Chocolate,Wicked Choccy's,Sugar Shack,799,1067.8832419429498,1037982.5111685471,35.50771359315051,12441.0,8077.08,64.92307692307693,0.8020576131687243,53.27193213687282
Fizzy Lifting Drinks,Sugar Shack,Secret Factory,6,555.6659355767209,3333.9956134603253,37.95696537091984,78.75,47.25,60.0,0.7999999999999999,52.978482685459916
Laffy Taffy,Sugar Shack,Secret Factory,9,619.8472837398679,5578.6255536588105,34.55823789949573,51.739999999999995,32.24,62.311557788944725,0.8111111111111112,52.1948085086535
Fun Dip,Sugar Shack,The Other Factory,3,663.1639743127085,1989.4919229381255,46.27279943583945,12.0,4.800000000000001,40.0,0.7999999999999999,51.13639971791972
Fun Dip,Sugar Shack,Wicked Choccy's,2,730.5010580849889,1461.0021161699779,44.25965747273421,7.5,3.0,40.0,0.8500000000000001,51.1298287363671
Kazookles,The Other Factory,Lot's O' Nuts,29,1638.3074952671416,49149.22485801425,62.61527467585626,341.25,26.25,7.6923076923076925,0.8733333333333333,51.0819963122871
Wonka Bar - Milk Chocolate,Wicked Choccy's,The Other Factory,1162,671.5200519480217,944157.1930389184,32.008981304854686,17920.5,11634.539999999999,64.92307692307692,0.7531294452347085,50.54400263404459
Wonka Bar - Triple Dazzle Caramel,Wicked Choccy's,The Other Factory,1124,685.9951872433885,919233.5509061406,31.716119243870438,19173.75,12526.85,65.33333333333334,0.7508208955223881,50.474477532382984
SweeTARTS,Sugar Shack,Lot's O' Nuts,4,792.4705116227619,3169.8820464910477,37.92590403625963,21.0,9.799999999999999,46.666666666666664,0.8250000000000001,49.46295201812981
Wonka Gum,Secret Factory,The Other Factory,38,401.5087972371636,15658.84309224938,33.00553356264624,210.0,109.2,52.0,0.7871794871794872,47.84635652491286
Laffy Taffy,Sugar Shack,The Other Factory,9,574.874383283935,5173.8694495554155,27.38200605666439,51.74,32.24,62.311557788944725,0.7666666666666667,47.717803698348945
Lickable Wallpaper,Secret Factory,The Other Factory,18,350.6195230451951,6661.770937858707,33.26966638926112,1820.0,910.0,50.0,0.7894736842105263,47.42430687884109
SweeTARTS,Sugar Shack,Secret Factory,9,561.7159056230553,5055.443150607498,33.69950185405204,55.5,25.900000000000002,46.666666666666664,0.8,46.849750927026015
Nerds,Sugar Shack,Wicked Choccy's,4,581.5444481091695,2326.177792436678,32.9673913250776,15.0,7.0,46.666666666666664,0.8,46.48369566253879
Wonka Gum,Secret Factory,Wicked Choccy's,52,392.0574709568515,21171.10343166998,30.095929318767794,315.0,163.8,52.0,0.7703703703703704,46.05537206679131
Fizzy Lifting Drinks,Sugar Shack,The Other Factory,6,450.8817605253323,2705.290563151994,24.307603769731628,78.75,47.25,60.0,0.7666666666666666,45.48713521819915
SweeTARTS,Sugar Shack,The Other Factory,9,566.965987435187,5102.693886916683,31.11860896209671,55.5,25.900000000000002,46.666666666666664,0.7888888888888889,45.337082258826136
Nerds,Sugar Shack,Secret Factory,4,516.0213525819745,2064.085410327898,29.233909443614124,15.0,7.0,46.666666666666664,0.8,44.61695472180706
SweeTARTS,Sugar Shack,Wicked Choccy's,8,523.379555073346,4187.036440586768,28.685063771800476,51.0,23.8,46.666666666666664,0.775,43.842531885900236
Hair Toffee,The Other Factory,Sugar Shack,1,339.2974985963556,339.2974985963556,12.672284984522406,22.5,17.5,77.77777777777779,0.7,43.66947582559454
Hair Toffee,The Other Factory,Secret Factory,2,160.88037458400606,321.7607491680121,9.194759446352458,45.0,35.0,77.77777777777779,0.7,41.93071305650956
Everlasting Gobstopper,Secret Factory,Sugar Shack,1,32.23036809654377,32.23036809654377,2.522922269304481,60.0,48.0,80.0,0.7,39.26146113465224
Lickable Wallpaper,Secret Factory,Wicked Choccy's,33,201.7109273012985,6858.171528244149,17.472795328863235,2580.0,1290.0,50.0,0.7294117647058824,38.324632958549266
Nerds,Sugar Shack,The Other Factory,4,310.85571246723254,1243.4228498689301,17.657692663196094,15.0,7.0,46.666666666666664,0.725,37.32884633159805
Lickable Wallpaper,Secret Factory,Sugar Shack,31,356.1554074677907,11040.817631501512,14.50419255398189,2380.0,1190.0,50.0,0.7258064516129032,36.768225309249004
Wonka Gum,Secret Factory,Sugar Shack,27,284.67774107469154,7686.299009016672,12.575680079846792,88.75,46.15,52.0,0.7222222222222222,36.33228448436784
Laffy Taffy,Sugar Shack,Lot's O' Nuts,1,74.68275519229314,74.68275519229314,3.961951560493615,1.99,1.24,62.311557788944725,0.7,34.67444311693022
Kazookles,The Other Factory,Wicked Choccy's,43,354.4140992633107,15594.220367585669,27.877963180253577,594.75,45.75,7.6923076923076925,0.75,31.246673897819097
Kazookles,The Other Factory,Sugar Shack,28,468.6345965336447,13590.403299475696,17.298960389899065,325.0,25.0,7.6923076923076925,0.7206896551724138,25.370965606090113
Kazookles,The Other Factory,Secret Factory,66,173.49015419364943,11797.33048516816,10.365456866369996,835.25,64.25,7.6923076923076925,0.7014705882352941,21.51983250558319
