Product Name,Region,Ship Mode,Orders,Avg_Distance_km,Avg_Lead_Time_days,Avg_Lead_Time_Saving_days,Avg_Distance_Reduction_pct,Avg_Profit_Margin_pct,Route Cluster
Everlasting Gobstopper,Gulf,Standard Class,1,1722.2493694741324,8.444498738948266,1.8287797448602183,53.092768598853155,80.0,0
Everlasting Gobstopper,Interior,Standard Class,1,1313.7789182738672,7.627557836547735,0.9497653054642585,36.14631397465737,80.0,1
Everlasting Gobstopper,Pacific,First Class,1,1277.5014311253053,3.4194460345836726,0.22806719920973406,16.067338500588136,80.0,2
Fizzy Lifting Drinks,Atlantic,First Class,1,1784.7947046607344,3.9831052274008165,0.4794052998458304,24.17447613075829,60.0,2
Fizzy Lifting Drinks,Atlantic,Standard Class,1,1718.4423418593717,8.436884683718745,1.1670020825881888,33.955229516908894,60.0,1
Fizzy Lifting Drinks,Gulf,Standard Class,1,2585.667587405451,10.171335174810903,2.9460229324361165,56.96832312834647,60.0,0
Fizzy Lifting Drinks,Interior,First Class,1,1035.7860151774069,3.1508733501971187,0.7239675844544271,62.90593003395445,60.0,2
Fizzy Lifting Drinks,Interior,Standard Class,1,1047.738772136246,7.095477544272493,0.5328240775160893,25.42733416411172,60.0,1
Fizzy Lifting Drinks,Pacific,Standard Class,1,2041.8908374620466,9.083781674924094,1.3558619096196898,33.201136043711024,60.0,1
Fun Dip,Atlantic,Standard Class,1,1784.7947046607344,8.56958940932147,0.8629295397224951,24.17447613075829,40.0,1
Fun Dip,Gulf,Second Class,1,1581.011295943569,5.25858756563367,1.4580383793484337,64.55531773634671,40.0,2
Fun Dip,Interior,Second Class,1,1035.7860151774069,4.479694307396295,0.9308154657271204,62.90593003395445,40.0,2
Hair Toffee,Atlantic,Standard Class,1,1518.732305734222,8.037464611468444,0.4962071128042038,16.336226961482705,77.77777777777779,1
Hair Toffee,Gulf,Same Day,1,922.9551550099125,1.7691292958415938,0.4253693525597424,55.30531145537713,77.77777777777779,2
Hair Toffee,Pacific,First Class,1,1970.6001757191755,4.189555750799084,2.079179815895417,94.95898038387993,77.77777777777779,0
Hair Toffee,Pacific,Standard Class,1,2677.4768639654535,10.354953727930907,1.5372120455351588,28.706355341918528,77.77777777777779,1
Kazookles,Atlantic,First Class,5,1394.8609812075754,3.549845534675084,0.25901497763434506,16.996580539677385,7.692307692307692,3
Kazookles,Atlantic,Same Day,2,1395.9694972521006,2.163307914376751,0.18979234946214762,16.312827302006905,7.6923076923076925,3
Kazookles,Atlantic,Second Class,8,1590.7242482616853,5.272463211802407,0.3751133287622585,16.756860136320803,7.6923076923076925,3
Kazookles,Atlantic,Standard Class,21,1461.597790233006,7.923195580466012,0.4861462177360783,16.69995315963447,7.6923076923076925,3
Kazookles,Gulf,First Class,3,1120.4000140491123,3.244888904499014,0.6330473616643156,50.70077390689457,7.6923076923076925,3
Kazookles,Gulf,Same Day,1,1095.1481157821486,1.9126234298184572,0.3404683432828082,37.30655297229608,7.6923076923076925,3
Kazookles,Gulf,Second Class,1,838.7475812433277,4.198210830347611,0.9146998426041355,76.3388061130088,7.6923076923076925,3
Kazookles,Gulf,Standard Class,5,915.358616503584,6.830717233007168,0.878502651699417,49.659209621118315,7.692307692307692,3
Kazookles,Interior,Standard Class,2,522.1826920519221,6.044365384103845,0.2765157710010495,24.57948808124536,7.6923076923076925,3
Kazookles,Pacific,First Class,5,2675.18514450702,4.972427938341133,0.8694873049581304,29.275177371820188,7.6923076923076925,3
Kazookles,Pacific,Same Day,2,2677.4768639654535,3.231230719971211,0.6405050189729828,28.706355341918528,7.6923076923076925,3
Kazookles,Pacific,Second Class,8,2506.892451460938,6.581274930658483,1.093357837936135,30.65070853781443,7.6923076923076925,3
Kazookles,Pacific,Standard Class,14,2664.06354164872,10.328127083297439,1.5250241397509174,28.33453402040127,7.692307692307693,3
Laffy Taffy,Atlantic,First Class,1,1784.7947046607344,3.9831052274008165,0.4794052998458304,24.17447613075829,62.311557788944725,2
Laffy Taffy,Atlantic,Same Day,1,1367.9879428803781,2.139989952400315,0.45537775796221247,39.945769434492675,62.311557788944725,2
Laffy Taffy,Atlantic,Standard Class,4,1850.3012977526948,8.700602595505389,1.065438158458578,28.869036092089175,62.311557788944725,1
Laffy Taffy,Gulf,Standard Class,2,2585.667587405451,10.171335174810903,2.9460229324361165,56.96832312834647,62.311557788944725,0
Laffy Taffy,Interior,First Class,1,1047.738772136246,3.1641541912624955,0.296013376397827,25.42733416411172,62.311557788944725,2
Laffy Taffy,Pacific,Standard Class,1,1884.9991993084464,8.769998398616892,0.14936551038458568,3.961951560493615,62.311557788944725,1
Lickable Wallpaper,Atlantic,First Class,7,1286.191646101433,3.4291018290015924,0.09410251029813312,6.600176487019986,50.0,2
Lickable Wallpaper,Atlantic,Same Day,2,1209.257430996356,2.0077145258302966,0.06839792183138727,7.017193254849788,50.0,2
Lickable Wallpaper,Atlantic,Second Class,5,1283.8484530383453,4.834069218626207,0.15609760426823396,8.369788758203113,50.0,2
Lickable Wallpaper,Atlantic,Standard Class,14,1371.6416612701037,7.743283322540207,0.23151870490949694,8.456832912733825,50.0,1
Lickable Wallpaper,Gulf,First Class,1,1136.5788747237802,3.262865416359756,0.2730130721236852,21.61854054968523,50.0,2
Lickable Wallpaper,Gulf,Second Class,3,944.9907794981003,4.349986827854429,0.6600354564277968,46.55406688127721,50.0,2
Lickable Wallpaper,Gulf,Standard Class,5,983.1249046904217,6.966249809380844,1.0707048646512205,53.30226885935772,50.0,2
Lickable Wallpaper,Interior,Second Class,2,1313.7789182738672,4.876827026105524,0.6784037896173274,36.14631397465737,50.0,2
Lickable Wallpaper,Interior,Standard Class,2,1313.7789182738672,7.627557836547735,0.9497653054642585,36.14631397465737,50.0,1
Lickable Wallpaper,Pacific,First Class,8,2269.182887942446,4.521314319936051,0.923253004209469,35.95124789947064,50.0,2
Lickable Wallpaper,Pacific,Same Day,1,2579.3353287711807,3.149446107309317,0.8380806094666333,38.9905383818041,50.0,2
Lickable Wallpaper,Pacific,Second Class,6,2568.569123256197,6.669384461794567,1.3033128899675213,35.484501694505006,50.0,1
Lickable Wallpaper,Pacific,Standard Class,19,2330.0121415154053,9.660024283030811,1.6937232437575247,36.16523710010061,50.0,1
Nerds,Atlantic,Standard Class,4,1768.206613960394,8.536413227920788,0.9389476754389184,26.619664477295938,46.666666666666664,1
SweeTARTS,Atlantic,Second Class,1,1784.7947046607344,5.549706720943907,0.6163782426589247,24.17447613075829,46.666666666666664,1
SweeTARTS,Atlantic,Standard Class,4,1782.959350051041,8.565918700102083,1.0927468134306508,31.323939868788234,46.666666666666664,1
SweeTARTS,Interior,Second Class,1,1901.1128631001386,5.715875518714483,0.9050327048812505,33.32379185440847,46.666666666666664,1
SweeTARTS,Interior,Standard Class,3,1730.43804490736,8.46087608981472,1.1202014449702185,31.74450031634912,46.666666666666664,1
SweeTARTS,Pacific,Second Class,1,2338.179365369098,6.340256236241569,2.184402194165364,65.39624626592231,46.666666666666664,0
Wonka Bar - Fudge Mallows,Atlantic,First Class,85,3233.616233715363,5.592906926350404,2.0930852295063613,58.607829547134884,66.66666666666666,0
Wonka Bar - Fudge Mallows,Atlantic,Same Day,18,3136.9805031052965,3.6141504192544143,1.550022267088365,59.63126120738039,66.66666666666666,0
Wonka Bar - Fudge Mallows,Atlantic,Second Class,82,3238.568839167494,7.62652691309642,2.668585517683324,57.98937916898264,66.66666666666666,0
Wonka Bar - Fudge Mallows,Atlantic,Standard Class,270,3261.308281557161,11.52261656311432,3.74774579275346,57.73400626784113,66.66666666666666,0
Wonka Bar - Fudge Mallows,Gulf,First Class,36,2845.533324698432,5.161703694109368,1.831123640638288,57.99819498734985,66.66666666666666,0
Wonka Bar - Fudge Mallows,Gulf,Same Day,14,2744.573051309742,3.2871442094247847,1.3034217580749288,57.13920704841551,66.66666666666666,0
Wonka Bar - Fudge Mallows,Gulf,Second Class,50,2658.1431922378474,6.79734741748264,2.251088165762425,59.50773666995328,66.66666666666666,0
Wonka Bar - Fudge Mallows,Gulf,Standard Class,143,2665.6673763165877,10.331334752633175,3.118062472354069,58.48953431577278,66.66666666666666,0
Wonka Bar - Fudge Mallows,Interior,First Class,46,1895.6087139132537,4.10623190434806,1.04788931341598,44.648270025428324,66.66666666666666,2
Wonka Bar - Fudge Mallows,Interior,Same Day,20,1928.5208829613125,2.607100735801094,0.838786093872515,47.675457928837545,66.66666666666666,2
Wonka Bar - Fudge Mallows,Interior,Second Class,61,2053.5972171979824,5.933710310282832,1.686558222476145,54.019066057122586,66.66666666666666,0
Wonka Bar - Fudge Mallows,Interior,Standard Class,221,2003.2807345464118,9.006561469092823,2.175407217786141,50.05580482317671,66.66666666666666,0
Wonka Bar - Fudge Mallows,Pacific,Second Class,2,2636.5130545152806,6.766447220736115,0.5220194480059686,13.859730866053276,66.66666666666666,1
Wonka Bar - Fudge Mallows,Pacific,Standard Class,15,2385.0856613163555,9.770171322632711,0.7934116291568807,17.68282451192308,66.66666666666666,1
Wonka Bar - Milk Chocolate,Atlantic,First Class,10,936.4160146077991,3.0404622384531104,0.19146896880346054,18.402298682951102,64.92307692307692,2
Wonka Bar - Milk Chocolate,Atlantic,Same Day,8,936.4160146077992,1.7803466788398326,0.14360172660259507,18.402298682951102,64.92307692307692,2
Wonka Bar - Milk Chocolate,Atlantic,Second Class,17,936.4160146077991,4.337737163725427,0.24617438846159126,18.402298682951102,64.92307692307693,2
Wonka Bar - Milk Chocolate,Atlantic,Standard Class,62,1714.4806005831115,8.428961201166222,0.9211171738528326,25.06359749232319,64.92307692307692,1
Wonka Bar - Milk Chocolate,Gulf,First Class,16,826.1685934070842,2.9179651037856495,0.4148653290867529,42.30979374152246,64.92307692307693,2
Wonka Bar - Milk Chocolate,Gulf,Same Day,2,648.5831266358158,1.5404859388631797,0.09619080699535794,18.57424901734505,64.92307692307692,2
Wonka Bar - Milk Chocolate,Gulf,Second Class,20,797.692791910786,4.139561131301123,0.4297343018732134,34.209586333177896,64.92307692307692,2
Wonka Bar - Milk Chocolate,Gulf,Standard Class,52,762.7147603131175,6.525429520626235,0.6953593403065605,44.22875361531324,64.92307692307693,2
Wonka Bar - Milk Chocolate,Interior,First Class,67,1520.7971589764434,3.6897746210849367,0.598315894124013,35.76377127179785,64.92307692307692,2
Wonka Bar - Milk Chocolate,Interior,Same Day,21,1474.8672101992724,2.2290560084993936,0.446577334028793,36.184779999413955,64.92307692307692,2
Wonka Bar - Milk Chocolate,Interior,Second Class,79,1412.0086831834203,5.0171552616906006,0.76704546021902,38.60644465541837,64.92307692307692,2
Wonka Bar - Milk Chocolate,Interior,Standard Class,258,1448.8945728819926,7.897789145763985,1.0626720512886698,37.22441523897035,64.92307692307693,1
Wonka Bar - Milk Chocolate,Pacific,First Class,78,3446.1741403852398,5.829082378205823,1.5856454520623773,41.68749625515239,64.92307692307692,0
Wonka Bar - Milk Chocolate,Pacific,Same Day,25,3508.007006084374,3.9233391717369788,1.199971949318886,41.28903761513746,64.92307692307693,0
Wonka Bar - Milk Chocolate,Pacific,Second Class,108,3477.0366100603137,7.967195157229019,2.0427428072006153,41.30946055297221,64.92307692307692,0
Wonka Bar - Milk Chocolate,Pacific,Standard Class,341,3421.3678164602575,11.842735632920515,2.8401144100125806,41.772491398362526,64.92307692307692,0
Wonka Bar - Nutty Crunch Surprise,Atlantic,First Class,65,3220.983644761113,5.578870716401235,2.0961418158235605,58.837572867242294,71.34670487106017,0
Wonka Bar - Nutty Crunch Surprise,Atlantic,Same Day,23,3177.000279239762,3.647500232699802,1.5250970195095,58.32770702835831,71.34670487106017,0
Wonka Bar - Nutty Crunch Surprise,Atlantic,Second Class,79,3287.7405487712554,7.696772212530364,2.714040265608159,57.973951385567545,71.34670487106017,0
Wonka Bar - Nutty Crunch Surprise,Atlantic,Standard Class,243,3260.8919754322246,11.52178395086445,3.7676965474476622,58.10653884537701,71.34670487106017,0
Wonka Bar - Nutty Crunch Surprise,Gulf,First Class,34,2590.257455140485,4.878063839044984,1.6641665622307675,57.59993535760921,71.34670487106017,0
Wonka Bar - Nutty Crunch Surprise,Gulf,Same Day,12,2560.7379996919176,3.133948333076598,1.2549252434946232,58.490201917684125,71.34670487106017,0
Wonka Bar - Nutty Crunch Surprise,Gulf,Second Class,52,2669.0741812824645,6.812963116117807,2.286738512091747,60.06830848724515,71.34670487106017,0
Wonka Bar - Nutty Crunch Surprise,Gulf,Standard Class,153,2695.336721879888,10.390673443759775,3.1613883035402326,58.78567091288422,71.34670487106017,0
Wonka Bar - Nutty Crunch Surprise,Interior,First Class,54,1943.5279935673304,4.159475548408145,1.2030818414858986,51.94927429371469,71.34670487106017,2
Wonka Bar - Nutty Crunch Surprise,Interior,Same Day,17,2193.247789701181,2.8277064914176506,1.0947310467934666,57.461781647436815,71.34670487106017,2
Wonka Bar - Nutty Crunch Surprise,Interior,Second Class,87,2045.5454156981311,5.9222077367116155,1.6613214536366099,53.28516742281842,71.34670487106017,0
Wonka Bar - Nutty Crunch Surprise,Interior,Standard Class,227,1970.1219651157398,8.94024393023148,2.140580332276504,50.4264683591135,71.34670487106017,0
Wonka Bar - Nutty Crunch Surprise,Pacific,Second Class,2,2371.480559226396,6.3878293703234235,0.5820881446370212,17.181743264167135,71.34670487106017,1
Wonka Bar - Nutty Crunch Surprise,Pacific,Standard Class,7,2120.251283988226,9.240502567976451,0.7283361261447566,18.203584202143272,71.34670487106017,1
Wonka Bar - Triple Dazzle Caramel,Atlantic,First Class,15,1194.2840288418413,3.3269822542687124,0.2456039821424315,18.455177970974045,65.33333333333334,2
Wonka Bar - Triple Dazzle Caramel,Atlantic,Same Day,8,936.4160146077992,1.7803466788398326,0.14360172660259507,18.402298682951102,65.33333333333334,2
Wonka Bar - Triple Dazzle Caramel,Atlantic,Second Class,25,1171.318302506007,4.673311860722866,0.4291426737908709,22.256084466487184,65.33333333333334,2
Wonka Bar - Triple Dazzle Caramel,Atlantic,Standard Class,54,1178.251034849364,7.356502069698727,0.4996194131937313,19.815849454265887,65.33333333333333,1
Wonka Bar - Triple Dazzle Caramel,Gulf,First Class,8,798.0873952069043,2.886763772452116,0.30330585238022806,31.32871532866594,65.33333333333334,2
Wonka Bar - Triple Dazzle Caramel,Gulf,Same Day,2,999.0012631139894,1.8325010525949912,0.49303671235940133,59.914128929769426,65.33333333333333,2
Wonka Bar - Triple Dazzle Caramel,Gulf,Second Class,17,723.9755466755856,4.034250780965122,0.2924599682067416,26.94922903805774,65.33333333333333,2
Wonka Bar - Triple Dazzle Caramel,Gulf,Standard Class,54,776.1795215881274,6.552359043176254,0.6036535894061356,36.484933865194904,65.33333333333334,2
Wonka Bar - Triple Dazzle Caramel,Interior,First Class,44,1493.8268199396557,3.659807577710729,0.6067962381527409,36.86131794666279,65.33333333333334,2
Wonka Bar - Triple Dazzle Caramel,Interior,Same Day,23,1431.3292665476704,2.1927743887897253,0.44749344968093246,38.20966407653107,65.33333333333334,2
Wonka Bar - Triple Dazzle Caramel,Interior,Second Class,66,1457.3477498050786,5.081925356864398,0.7823811418322841,37.84274088318483,65.33333333333333,2
Wonka Bar - Triple Dazzle Caramel,Interior,Standard Class,244,1442.9087709646537,7.885817541929307,1.086797323764335,38.074142779015304,65.33333333333334,1
Wonka Bar - Triple Dazzle Caramel,Pacific,First Class,83,3350.5030556978577,5.72278117299762,1.5619923455191917,42.31264581759215,65.33333333333333,0
Wonka Bar - Triple Dazzle Caramel,Pacific,Same Day,36,3486.022343902061,3.905018619918384,1.2005545076043858,41.518368038097705,65.33333333333333,0
Wonka Bar - Triple Dazzle Caramel,Pacific,Second Class,107,3476.4287815292028,7.966326830756003,2.054511958587284,41.59320981311087,65.33333333333333,0
Wonka Bar - Triple Dazzle Caramel,Pacific,Standard Class,345,3483.4866147400644,11.966973229480129,2.870473015834535,41.42317416615163,65.33333333333334,0
Wonka Bar -Scrumdiddlyumptious,Atlantic,First Class,93,3206.449292805043,5.5627214364500475,2.0729819029030323,58.459107081947536,69.44444444444444,0
Wonka Bar -Scrumdiddlyumptious,Atlantic,Same Day,27,3180.9149926828723,3.6507624939023935,1.5575880965445976,59.17006483263832,69.44444444444444,0
Wonka Bar -Scrumdiddlyumptious,Atlantic,Second Class,96,3257.5409829670175,7.653629975667168,2.669878499633328,57.67524317546863,69.44444444444444,0
Wonka Bar -Scrumdiddlyumptious,Atlantic,Standard Class,297,3305.948721556197,11.611897443112396,3.7800436298455886,57.548961576805574,69.44444444444444,0
Wonka Bar -Scrumdiddlyumptious,Gulf,First Class,35,2751.634650197641,5.057371833552934,1.826201435608103,59.88450313817459,69.44444444444444,0
Wonka Bar -Scrumdiddlyumptious,Gulf,Same Day,9,2857.819684174048,3.3815164034783733,1.3312914667288682,56.10715859917736,69.44444444444444,0
Wonka Bar -Scrumdiddlyumptious,Gulf,Second Class,48,2688.9806905859396,6.841400986551342,2.2442380233995407,58.4477661086868,69.44444444444444,0
Wonka Bar -Scrumdiddlyumptious,Gulf,Standard Class,159,2671.2978931214316,10.342595786242864,3.150049642618236,59.056755606613635,69.44444444444444,0
Wonka Bar -Scrumdiddlyumptious,Interior,First Class,48,2037.479734804228,4.263866372004698,1.2738450913678285,52.63146113952579,69.44444444444444,2
Wonka Bar -Scrumdiddlyumptious,Interior,Same Day,14,1847.4401597185079,2.5395334664320903,0.7287549591526151,41.59702595789728,69.44444444444444,2
Wonka Bar -Scrumdiddlyumptious,Interior,Second Class,72,1921.1022943780795,5.7444318491115425,1.4461628143706557,48.00103191947375,69.44444444444444,0
Wonka Bar -Scrumdiddlyumptious,Interior,Standard Class,246,1949.7385221375516,8.899477044275104,2.084083128086316,48.92806424978088,69.44444444444444,0
Wonka Bar -Scrumdiddlyumptious,Pacific,Second Class,6,2371.480559226396,6.3878293703234235,0.5820881446370212,17.181743264167135,69.44444444444444,1
Wonka Bar -Scrumdiddlyumptious,Pacific,Standard Class,6,2226.1749263970296,9.45234985279406,0.8385441144590343,19.881318679302662,69.44444444444444,1
Wonka Gum,Atlantic,First Class,6,1316.57050249471,3.4628561138830114,0.1361732166217875,9.102872120181932,52.0,2
Wonka Gum,Atlantic,Same Day,1,1123.4017702322294,1.936168141860191,0.09598860628216999,10.253351079800492,52.0,2
Wonka Gum,Atlantic,Second Class,3,1262.1540652793187,4.803077236113313,0.20290949692600732,11.665278546556754,52.0,2
Wonka Gum,Atlantic,Standard Class,19,1236.1548832277317,7.472309766455463,0.2509514159625369,10.315025178704172,52.0,1
Wonka Gum,Gulf,First Class,4,1096.760166988416,3.2186224077649066,0.5948771797522014,49.057146071450404,52.0,2
Wonka Gum,Gulf,Same Day,1,1136.1203952674184,1.946766996056182,0.39032237649445933,41.22686765807977,52.0,2
Wonka Gum,Gulf,Second Class,8,1375.9834934791386,4.965690704970198,0.8677796628388912,41.681380608839895,52.0,2
Wonka Gum,Gulf,Standard Class,12,1166.6876068623312,7.333375213724662,1.0616281444564475,44.07041327189433,52.0,1
Wonka Gum,Interior,First Class,5,1313.7789182738672,3.4597543536376305,0.5276473919245883,36.14631397465737,52.0,2
Wonka Gum,Interior,Second Class,3,1056.9531985674496,4.5099331408106424,0.5583846540459297,37.76965422050902,52.0,2
Wonka Gum,Interior,Standard Class,4,1313.7789182738672,7.627557836547735,0.9497653054642585,36.14631397465737,52.0,1
Wonka Gum,Pacific,First Class,6,2294.0531974605656,4.548947997178407,0.8265345645026067,31.14202420503192,52.0,2
Wonka Gum,Pacific,Same Day,3,1803.0953250949262,2.5025794375791053,0.48486209198318736,29.830109403684418,52.0,2
Wonka Gum,Pacific,Second Class,8,2403.050077207884,6.432928681725549,1.1765448277403263,33.084668128150504,52.0,1
Wonka Gum,Pacific,Standard Class,11,2362.7040498203614,9.725408099640724,1.7205152909614243,35.38661401740724,52.0,1
